ID,Year_Birth,Education,Marital_Status,Income,Kidhome,Teenhome,Dt_Customer,Recency,MntWines,MntFruits,MntMeatProducts,MntFishProducts,MntSweetProducts,MntGoldProds,NumWebPurchases,NumCatalogPurchases,NumStorePurchases,NumWebVisitsMonth
5524,1957,Graduation,Single,58138,0,0,04-09-2012,58,635,88,546,172,88,88,8,10,4,7
2174,1954,Graduation,Single,46344,1,1,08-03-2014,38,11,1,6,2,1,6,1,1,2,5
4141,1965,Graduation,Together,71613,0,0,21-08-2013,26,426,49,127,111,21,42,8,2,10,4
6182,1984,Graduation,Together,26646,1,0,10-02-2014,26,11,4,20,10,3,5,2,0,4,6
5324,1981,PhD,Married,58293,1,0,19-01-2014,94,173,43,118,46,27,15,5,3,6,5
7446,1967,Master,Together,62513,0,1,09-09-2013,16,520,42,98,0,42,14,6,4,10,6
965,1971,Graduation,Divorced,55635,0,1,13-11-2012,34,235,65,164,50,49,27,7,3,7,6
6177,1985,PhD,Married,33454,1,0,08-05-2013,32,76,10,56,3,1,23,4,0,4,8
4855,1974,PhD,Together,30351,1,0,06-06-2013,19,14,0,24,3,3,2,3,0,2,9
5899,1950,PhD,Together,5648,1,1,13-03-2014,68,28,0,6,1,1,13,1,0,0,20
1994,1983,Graduation,Married,,1,0,15-11-2013,11,5,5,6,0,2,1,1,0,2,7
387,1976,Basic,Married,7500,0,0,13-11-2012,59,6,16,11,11,1,16,2,0,3,8
2125,1959,Graduation,Divorced,63033,0,0,15-11-2013,82,194,61,480,225,112,30,3,4,8,2
8180,1952,Master,Divorced,59354,1,1,15-11-2013,53,233,2,53,3,5,14,6,1,5,6
2569,1987,Graduation,Married,17323,0,0,10-10-2012,38,3,14,17,6,1,5,1,0,3,8
2114,1946,PhD,Single,82800,0,0,24-11-2012,23,1006,22,115,59,68,45,7,6,12,3
9736,1980,Graduation,Married,41850,1,1,24-12-2012,51,53,5,19,2,13,4,3,0,3,8
4939,1946,Graduation,Together,37760,0,0,31-08-2012,20,84,5,38,150,12,28,4,1,6,7
6565,1949,Master,Married,76995,0,1,28-03-2013,91,1012,80,498,0,16,176,11,4,9,5
2278,1985,2n Cycle,Single,33812,1,0,03-11-2012,86,4,17,19,30,24,39,2,1,3,6
9360,1982,Graduation,Married,37040,0,0,08-08-2012,41,86,2,73,69,38,48,4,2,5,8
5376,1979,Graduation,Married,2447,1,0,06-01-2013,42,1,1,1725,1,1,1,0,28,0,1
1993,1949,PhD,Married,58607,0,1,23-12-2012,63,867,0,86,0,0,19,2,3,9,8
4047,1954,PhD,Married,65324,0,1,11-01-2014,0,384,0,102,21,32,5,6,2,9,4
1409,1951,Graduation,Together,40689,0,1,18-03-2013,69,270,3,27,39,6,99,7,1,5,8
7892,1969,Graduation,Single,18589,0,0,02-01-2013,89,6,4,25,15,12,13,2,1,3,7
2404,1976,Graduation,Married,53359,1,1,27-05-2013,4,173,4,30,3,6,41,5,1,4,7
5255,1986,Graduation,Single,,1,0,20-02-2013,19,5,1,3,3,263,362,27,0,0,1
9422,1989,Graduation,Married,38360,1,0,31-05-2013,26,36,2,42,20,21,10,2,1,4,3
1966,1965,PhD,Married,84618,0,0,22-11-2013,96,684,100,801,21,66,0,6,9,10,2
6864,1989,Master,Divorced,10979,0,0,22-05-2014,34,8,4,10,2,2,4,3,0,3,5
3033,1963,Master,Together,38620,0,0,11-05-2013,56,112,17,44,34,22,89,2,5,3,3
5710,1970,Graduation,Together,40548,0,1,10-10-2012,31,110,0,5,2,0,3,2,1,4,5
7373,1952,PhD,Divorced,46610,0,2,29-10-2012,8,96,12,96,33,22,43,4,1,6,6
8755,1946,Master,Married,68657,0,0,20-02-2013,4,482,34,471,119,68,22,3,5,9,7
10738,1951,Master,Single,49389,1,1,29-08-2013,55,40,0,19,2,1,3,2,0,3,7
4339,1970,PhD,Married,67353,0,1,31-12-2013,37,702,17,151,0,8,35,5,6,12,2
10755,1976,2n Cycle,Married,23718,1,0,02-09-2013,76,6,3,14,15,7,36,3,1,2,7
8595,1973,Graduation,Widow,42429,0,1,11-02-2014,99,55,0,6,2,0,4,1,1,3,5
2968,1943,PhD,Divorced,48948,0,0,01-02-2013,53,437,8,206,160,49,42,7,10,5,6
8601,1980,Graduation,Married,80011,0,1,29-04-2013,3,421,76,536,82,178,102,8,6,5,4
503,1985,Master,Married,20559,1,0,12-03-2013,88,13,1,29,3,0,7,2,0,3,8
8430,1957,Graduation,Together,21994,0,1,24-12-2012,4,9,0,6,3,1,3,0,0,3,5
7281,1959,PhD,Single,,0,0,05-11-2013,80,81,11,50,3,2,39,1,3,4,2
2139,1975,Master,Married,7500,1,0,02-10-2013,19,3,1,10,3,2,12,2,0,3,5
1371,1976,Graduation,Single,79941,0,0,28-06-2014,72,123,164,266,227,30,174,2,4,9,1
9909,1996,2n Cycle,Married,7500,0,0,09-11-2012,24,3,18,14,15,22,50,3,1,3,9
7286,1968,Graduation,Together,41728,1,0,24-05-2013,92,13,6,15,3,5,13,2,0,2,10
7244,1951,Graduation,Single,,2,1,01-01-2014,96,48,5,48,6,10,7,2,1,4,6
6566,1954,PhD,Married,72550,1,1,08-11-2012,39,826,50,317,50,38,38,5,2,12,8
8614,1957,Graduation,Widow,65486,0,1,12-05-2014,29,245,19,125,37,67,14,4,2,10,2
4114,1964,Master,Married,79143,0,0,11-08-2012,2,650,37,780,27,167,32,6,9,13,3
1331,1977,Graduation,Single,35790,1,0,02-01-2013,54,12,6,20,30,1,3,2,0,3,7
2225,1977,Graduation,Divorced,82582,0,0,07-06-2014,54,510,120,550,156,40,241,4,9,7,1
9381,1978,Graduation,Married,66373,1,1,12-06-2013,57,328,9,124,12,24,109,4,2,10,3
6260,1955,Master,Together,82384,0,0,19-11-2012,55,984,51,432,180,120,190,3,10,13,1
10383,1966,Graduation,Divorced,70287,0,0,02-04-2013,30,295,35,482,121,120,40,5,5,10,3
7437,1988,Graduation,Single,27938,1,0,28-04-2014,31,13,0,8,2,1,5,1,0,4,3
8557,1982,Graduation,Single,,1,0,17-06-2013,57,11,3,22,2,2,6,2,0,3,6
8375,1968,PhD,Married,55954,0,1,03-03-2014,63,447,0,28,0,0,43,8,2,6,7
6853,1982,Master,Single,75777,0,0,04-07-2013,12,712,26,538,69,13,80,3,6,11,1
3076,1975,Graduation,Together,66653,1,1,07-09-2012,18,452,18,102,16,18,6,4,2,12,3
1012,1952,Graduation,Single,61823,0,1,18-02-2013,26,523,7,134,37,14,169,8,2,10,7
6518,1951,PhD,Widow,67680,0,1,11-06-2013,8,546,0,48,0,6,6,7,3,8,5
4137,1948,Graduation,Together,70666,0,0,06-12-2013,29,398,40,367,119,122,30,7,4,4,4
8082,1971,Graduation,Married,25721,1,0,21-05-2013,75,1,3,6,3,6,15,1,1,2,7
1386,1967,Graduation,Together,32474,1,1,11-05-2014,0,10,0,1,0,0,0,1,0,2,7
9369,1979,2n Cycle,Single,88194,0,1,19-03-2014,19,688,14,309,201,24,38,11,10,10,5
4477,1958,Graduation,Together,69096,0,1,27-09-2013,4,247,49,159,7,82,109,5,2,10,4
1357,1970,Graduation,Together,74854,1,2,08-04-2013,90,856,59,487,58,29,73,2,5,5,5
1402,1954,Master,Married,66991,0,0,11-09-2012,1,496,36,460,189,60,12,4,8,6,3
10629,1973,2n Cycle,Married,,1,0,14-09-2012,25,25,3,43,17,4,17,3,0,3,8
6312,1959,Graduation,Married,65031,0,1,17-03-2013,29,258,107,291,84,37,86,10,3,13,7
8132,1975,PhD,Married,60631,1,1,05-04-2013,88,565,6,65,0,6,19,9,2,8,7
1050,1952,Graduation,Married,28332,0,0,30-04-2014,58,14,10,13,4,15,9,2,1,4,2
5846,1977,Graduation,Divorced,40246,1,0,19-12-2012,68,2,1,6,2,1,1,1,0,2,6
1859,1972,Master,Married,75251,0,0,27-08-2012,34,721,111,925,97,18,18,7,6,5,5
7503,1976,Graduation,Single,75825,0,0,12-10-2012,40,1032,105,779,137,105,51,5,8,9,4
10401,1976,2n Cycle,Together,26326,0,0,04-09-2013,12,1,0,5,0,3,9,0,0,3,3
1618,1965,Graduation,Together,56046,0,0,02-01-2013,9,577,0,64,0,0,51,10,1,8,8
3332,1985,Graduation,Single,29760,1,0,29-08-2012,87,64,4,68,7,5,17,3,1,4,8
2261,1969,Graduation,Married,26304,1,0,23-06-2013,5,4,1,5,2,0,4,1,0,2,7
5346,1973,2n Cycle,Married,23559,1,0,03-07-2013,87,25,5,19,7,0,23,3,0,3,7
4119,1963,Master,Together,38620,0,0,11-05-2013,56,112,17,44,34,22,89,2,5,3,3
535,1987,Graduation,Divorced,81361,0,0,25-02-2014,18,163,23,424,27,65,76,3,10,13,1
5268,1960,Graduation,Married,29440,1,1,11-08-2013,95,17,8,14,10,4,3,1,0,4,7
273,1970,Master,Married,36138,1,1,16-07-2013,48,130,0,16,0,0,5,3,1,4,7
4452,1957,Graduation,Single,50388,0,1,28-05-2014,3,292,6,37,0,3,34,6,1,6,7
8504,1973,Graduation,Married,79593,0,0,12-05-2014,70,350,60,568,110,133,145,5,6,7,2
771,1967,Graduation,Together,54178,0,1,21-01-2014,79,135,9,39,4,0,7,2,2,5,2
8996,1957,PhD,Married,,2,1,19-11-2012,4,230,42,192,49,37,53,7,2,8,9
9235,1957,Graduation,Single,,1,1,27-05-2014,45,7,0,8,2,0,1,1,0,2,7
5798,1973,Master,Together,,0,0,23-11-2013,87,445,37,359,98,28,18,2,4,8,1
11178,1972,Master,Single,42394,1,0,23-03-2014,69,15,2,10,0,1,4,1,0,3,7
2230,1970,PhD,Married,23626,1,0,24-05-2014,84,27,2,14,0,0,0,3,1,3,5
7516,1983,Graduation,Married,30096,1,0,22-05-2014,30,5,3,11,12,5,9,2,0,3,6
7247,1960,Graduation,Widow,47916,0,1,22-11-2012,72,505,0,26,0,0,75,7,4,6,6
11100,1972,Graduation,Divorced,51813,1,1,11-04-2013,37,51,2,7,0,1,2,2,0,3,7
4646,1951,2n Cycle,Married,78497,0,0,01-12-2013,44,207,26,447,75,0,223,5,7,12,2
3037,1983,PhD,Married,50150,0,0,20-06-2013,32,135,46,92,65,61,11,5,2,7,5
1473,1960,2n Cycle,Single,47823,0,1,23-07-2013,0,53,1,5,2,1,10,2,0,3,8
1016,1959,PhD,Single,34554,0,1,30-03-2014,43,41,1,6,2,0,5,2,0,3,6
4518,1979,Graduation,Together,85693,0,1,20-04-2013,59,386,172,183,185,132,111,9,5,11,5
9370,1945,PhD,Married,65846,0,0,17-05-2013,68,562,81,276,80,40,81,6,3,6,4
8908,1959,Graduation,Married,87195,0,0,08-05-2014,35,217,76,690,50,26,38,3,11,5,1
8373,1979,Basic,Together,24594,1,0,10-12-2013,94,1,3,6,10,0,9,1,0,3,5
7533,1964,Graduation,Married,49096,1,1,24-09-2013,15,144,1,32,2,1,7,4,1,4,7
2683,1969,Graduation,Married,52413,0,2,02-02-2013,56,295,106,271,75,98,65,6,4,12,6
3629,1978,Graduation,Single,38557,1,0,19-12-2012,17,76,3,31,4,4,27,3,1,3,7
10991,1960,Master,Married,89058,0,0,07-12-2012,18,454,194,106,31,22,43,5,4,4,2
5077,1979,Graduation,Together,77298,0,1,02-11-2013,46,425,115,292,23,35,79,6,6,11,3
7431,1991,PhD,Single,68126,0,0,10-11-2012,40,1332,17,311,23,51,86,7,4,5,9
3267,1963,Master,Together,57288,0,1,25-06-2014,27,527,0,21,0,0,60,8,1,8,6
999,1991,Graduation,Single,86037,0,0,02-01-2013,95,490,44,125,29,20,22,6,7,11,3
9215,1980,PhD,Married,43974,1,0,12-12-2012,19,378,0,101,0,0,72,6,4,6,7
2286,1962,Graduation,Single,50785,1,1,10-09-2013,27,64,1,21,0,1,27,2,1,3,6
1592,1970,Graduation,Married,90765,0,0,24-01-2014,25,547,99,812,151,82,33,4,6,5,1
367,1978,2n Cycle,Married,36550,1,0,19-02-2013,74,47,90,94,123,103,120,9,1,5,9
5234,1967,2n Cycle,Together,30753,1,1,11-07-2013,85,12,5,25,0,9,30,1,1,3,5
9862,1969,Graduation,Together,21918,1,0,14-11-2013,37,1,6,7,11,5,3,2,0,3,6
9805,1953,Master,Together,56129,0,1,20-06-2013,65,320,48,133,39,72,48,6,2,10,4
6205,1967,Master,Single,32557,1,0,24-02-2014,13,34,3,29,0,4,10,2,1,3,5
8442,1985,Master,Married,19510,2,0,04-09-2013,63,9,0,7,3,4,7,1,0,3,7
7386,1976,Graduation,Divorced,30992,1,0,22-04-2013,83,17,0,14,7,3,2,1,0,3,7
7215,1983,Graduation,Single,101970,0,0,12-03-2013,69,722,27,102,44,72,168,6,8,13,2
1491,1965,2n Cycle,Together,71488,0,0,18-02-2013,87,162,33,124,40,28,172,3,4,7,1
11071,1984,Graduation,Single,79607,0,0,21-04-2013,37,450,133,951,173,0,216,3,6,6,1
3381,1953,Master,Married,54348,1,1,08-06-2014,51,70,0,16,0,0,4,2,0,4,6
8268,1961,PhD,Married,,0,1,11-07-2013,23,352,0,27,10,0,15,6,1,7,6
11051,1956,PhD,Together,77376,1,1,10-05-2014,72,492,19,110,16,12,12,6,3,10,4
8026,1952,Graduation,Married,62998,0,1,30-09-2013,10,120,58,73,65,89,58,5,4,5,5
433,1958,Master,Alone,61331,1,1,10-03-2013,42,534,5,47,0,5,41,11,1,6,8
9597,1969,Graduation,Married,73448,0,0,10-02-2014,10,236,106,189,23,41,130,7,2,9,4
1295,1963,Graduation,Married,,0,1,11-08-2013,96,231,65,196,38,71,124,6,5,7,4
5290,1964,PhD,Married,41551,1,1,14-08-2013,51,220,0,33,3,0,23,5,1,5,8
1685,1967,PhD,Together,62981,0,0,17-03-2013,21,796,14,590,38,44,0,4,5,13,3
5342,1976,Basic,Divorced,9548,1,0,08-08-2012,31,0,1,3,10,6,9,1,0,3,8
9579,1959,PhD,Married,33762,2,1,07-07-2013,61,53,1,34,2,0,16,2,2,2,8
7660,1973,PhD,Alone,35860,1,1,19-05-2014,37,15,0,8,4,2,20,1,1,2,5
1461,1965,PhD,Divorced,36921,1,1,28-07-2013,74,17,1,12,3,1,4,2,0,3,7
821,1992,Master,Single,92859,0,0,19-10-2012,46,962,61,921,52,61,20,5,4,12,2
11084,1976,Master,Together,65104,0,1,14-11-2013,4,738,0,232,13,20,50,3,5,7,7
8690,1962,Graduation,Married,86111,0,0,19-04-2013,73,399,28,756,36,40,126,5,7,10,2
2937,1974,PhD,Single,68352,0,1,28-08-2013,47,614,16,132,43,33,33,8,5,9,6
9701,1988,Graduation,Together,41883,1,0,19-03-2013,13,32,34,41,73,16,116,4,2,3,7
9949,1976,Graduation,Married,59809,0,2,18-10-2012,36,598,16,141,32,41,49,3,3,6,8
10837,1975,Graduation,Married,23957,1,0,28-10-2012,47,2,1,18,20,11,16,2,0,3,6
3120,1981,Graduation,Together,38547,1,0,28-08-2013,49,6,1,10,0,1,4,1,0,2,8
5885,1973,2n Cycle,Married,35688,2,1,22-08-2012,94,73,3,90,12,1,32,4,1,4,8
4050,1966,Master,Married,49605,0,0,21-06-2014,65,42,16,29,12,20,8,2,1,4,3
3830,1953,Master,Married,59354,0,2,24-04-2014,59,295,21,78,39,13,13,4,4,7,3
7987,1969,Graduation,Married,65747,0,1,07-03-2014,96,346,17,48,23,13,13,8,1,6,6
7798,1972,2n Cycle,Together,46344,0,1,14-12-2012,28,233,20,57,8,20,91,7,1,5,7
92,1988,Graduation,Alone,34176,1,0,12-05-2014,12,5,7,24,19,14,20,3,0,4,6
7055,1952,PhD,Together,61010,0,1,09-10-2012,57,888,0,57,0,0,76,8,5,11,5
10240,1949,Graduation,Together,69372,0,0,19-02-2013,10,997,26,269,34,13,42,10,4,6,4
3025,1958,Graduation,Single,49967,0,1,08-07-2013,4,212,6,69,4,12,3,6,1,5,7
9283,1978,Graduation,Single,60199,1,2,12-09-2013,49,8,1,7,2,0,0,0,0,3,4
9970,1977,Graduation,Together,55375,0,1,17-10-2013,3,42,11,57,10,28,14,1,1,6,2
2730,1955,Graduation,Single,80317,0,0,20-08-2013,64,536,11,387,149,91,57,3,4,10,1
2795,1958,Master,Single,30523,2,1,01-07-2013,0,5,0,3,0,0,5,1,0,2,7
9260,1945,PhD,Married,70356,0,0,05-11-2012,20,1349,16,249,43,16,33,10,6,9,6
8182,1984,Graduation,Married,23228,1,0,05-01-2014,91,53,3,49,7,4,5,3,0,4,8
10095,1975,PhD,Divorced,74165,0,0,01-05-2013,9,1001,12,240,16,12,12,5,4,10,2
8475,1973,PhD,Married,157243,0,1,01-03-2014,98,20,2,1582,1,2,1,0,22,0,0
4370,1966,Graduation,Together,43482,2,1,13-11-2013,83,18,1,32,6,3,28,2,0,4,6
10573,1953,Graduation,Divorced,62551,0,0,18-11-2013,27,125,16,98,134,21,27,6,7,4,3
3712,1959,Graduation,Divorced,52332,0,0,28-08-2013,63,212,5,33,7,0,2,3,2,6,4
6637,1988,Graduation,Single,66951,0,0,02-11-2013,46,277,162,305,173,76,124,3,4,7,1
3152,1957,Graduation,Together,26091,1,1,25-02-2014,84,15,10,19,8,17,20,2,1,3,5
5610,1965,Graduation,Together,33456,1,1,21-04-2014,58,7,3,10,8,1,7,1,0,3,7
6460,1982,Graduation,Married,28718,1,0,13-07-2013,78,12,4,6,11,8,16,2,0,3,8
1349,1970,Graduation,Married,50447,2,0,21-04-2014,4,85,7,24,2,3,27,3,1,3,6
1880,1959,PhD,Together,53537,1,1,30-01-2014,17,81,0,6,0,0,6,2,1,3,5
641,1967,Graduation,Single,52074,0,1,04-04-2014,77,59,0,12,0,0,48,2,2,2,4
8717,1975,PhD,Married,80427,0,1,12-09-2012,56,1149,71,449,69,71,26,11,8,8,5
10314,1948,PhD,Married,83837,0,0,16-12-2012,79,847,66,119,86,89,111,9,10,5,4
10854,1970,PhD,Married,38853,1,1,23-05-2014,90,29,0,14,0,0,2,2,0,3,7
10492,1959,Graduation,Together,38285,2,1,24-06-2014,96,2,0,5,2,0,1,0,0,3,2
6935,1951,2n Cycle,Married,78497,0,0,01-12-2013,44,207,26,447,75,0,223,5,7,12,2
7698,1976,PhD,Married,51650,0,1,11-05-2014,81,152,3,22,2,5,7,4,1,4,5
3559,1988,2n Cycle,Married,16248,1,0,10-05-2014,77,12,11,10,3,12,9,2,1,3,6
10562,1946,Master,Married,66835,0,0,28-09-2013,21,620,26,195,34,17,141,6,4,13,2
10796,1984,Master,Married,30477,1,0,22-01-2014,16,47,1,6,0,0,12,1,1,3,6
2563,1961,Basic,Married,28249,0,0,15-06-2014,80,1,9,7,2,14,10,2,0,3,6
3518,1983,Graduation,Married,25271,1,0,05-12-2012,45,10,1,18,10,4,7,1,1,2,9
5823,1970,PhD,Single,32303,0,1,08-03-2014,63,35,0,2,0,0,2,1,0,4,5
3934,1966,Graduation,Married,61286,0,1,02-08-2013,34,356,0,107,19,9,117,7,1,8,5
6982,1976,Graduation,Married,74068,0,0,19-03-2013,14,783,30,537,140,76,15,4,10,9,2
6431,1964,PhD,Married,45759,1,1,23-02-2013,13,42,1,18,3,0,4,2,0,3,7
9733,1978,Basic,Together,24882,1,0,09-09-2012,52,1,4,10,29,0,36,1,1,2,6
5602,1989,PhD,Together,66973,0,0,17-05-2013,98,466,22,432,147,113,102,8,7,12,3
7829,1900,2n Cycle,Divorced,36640,1,0,26-09-2013,99,15,6,8,7,4,25,2,1,2,5
1324,1988,Graduation,Married,38872,1,0,30-05-2013,93,23,3,21,3,19,22,3,0,3,8
326,1973,Graduation,Married,51148,1,1,18-02-2013,38,235,6,45,8,9,12,5,1,6,6
7224,1977,Graduation,Married,31353,1,1,29-12-2013,24,10,0,10,3,1,7,1,1,2,8
6999,1980,Master,Married,69661,0,0,13-05-2014,80,656,16,106,32,16,8,7,3,12,3
9938,1954,Graduation,Married,80067,0,0,19-09-2013,82,519,17,813,27,173,51,4,6,6,2
6422,1954,Graduation,Married,86718,0,0,17-01-2013,20,344,189,482,50,33,172,5,6,5,2
3182,1973,PhD,Single,46854,1,1,31-03-2014,81,96,1,79,7,1,79,5,1,3,8
7300,1952,Graduation,Divorced,69142,0,1,29-06-2014,50,448,4,34,6,4,39,8,1,7,5
10424,1968,Graduation,Single,75922,0,0,09-12-2013,60,265,138,553,224,23,92,4,4,9,1
8727,1978,Graduation,Divorced,63693,0,1,14-10-2013,63,587,43,337,42,87,54,11,6,9,6
2798,1977,PhD,Together,102160,0,0,02-11-2012,54,763,29,138,76,176,58,7,9,10,4
1030,1965,PhD,Single,40637,1,1,17-07-2013,72,22,0,13,0,0,3,1,0,3,7
624,1984,Master,Single,18890,0,0,10-11-2012,5,6,4,1,7,2,15,0,1,2,6
5176,1988,Graduation,Together,29604,1,0,08-12-2013,88,7,6,13,7,6,14,1,0,3,9
5552,1963,Master,Divorced,48721,1,1,13-05-2013,50,81,18,113,47,13,21,4,2,5,6
868,1966,Graduation,Married,44794,0,1,08-06-2014,99,54,0,7,0,0,4,2,0,3,6
380,1954,Graduation,Divorced,64497,0,1,10-09-2012,17,1170,48,320,42,32,192,11,4,9,8
2677,1956,Graduation,Together,46097,0,1,31-03-2013,11,72,24,68,65,4,8,3,1,6,4
6521,1954,Graduation,Together,77972,0,0,18-03-2014,18,613,22,319,33,102,12,4,6,9,1
6927,1968,PhD,Married,44377,1,1,05-10-2012,70,224,0,30,0,0,10,5,1,5,8
2877,1974,Master,Together,46014,1,1,21-01-2013,21,410,0,59,19,9,44,7,1,8,7
0,1985,Graduation,Married,70951,0,0,04-05-2013,66,239,10,554,254,87,54,3,4,9,1
1584,1977,Graduation,Married,41443,1,0,01-04-2014,79,171,7,171,25,19,89,8,1,5,8
7264,1978,2n Cycle,Single,52195,2,1,12-05-2014,2,12,0,4,0,0,1,1,0,2,8
6274,1948,Master,Married,83790,0,0,15-11-2013,81,1076,16,417,42,48,16,8,10,6,3
1377,1954,Master,Widow,44551,0,1,31-08-2013,24,182,4,33,0,0,66,4,1,5,7
454,1980,Graduation,Together,69508,1,0,14-11-2012,48,824,32,162,42,32,43,11,4,11,6
1755,1988,2n Cycle,Together,45204,1,0,11-04-2014,93,30,11,25,29,1,18,1,1,4,3
2075,1969,Graduation,Married,72460,0,0,14-11-2013,56,377,10,540,80,30,10,3,5,7,1
4785,1970,PhD,Together,77622,0,2,14-04-2014,3,520,7,154,19,0,14,6,3,11,3
9076,1980,PhD,Married,30732,1,0,05-01-2013,44,155,1,25,0,1,3,4,1,4,8
7079,1962,Graduation,Divorced,63887,0,1,08-09-2012,38,897,23,207,15,11,92,9,6,12,6
4653,1978,Graduation,Together,42011,1,0,26-03-2013,46,131,0,16,2,1,39,3,1,4,8
7375,1976,Graduation,Together,51369,0,1,25-10-2012,84,297,7,79,0,11,182,8,2,4,8
709,1952,Graduation,Divorced,51537,0,1,09-12-2012,27,787,20,204,0,0,92,2,2,11,8
460,1972,PhD,Married,79930,0,0,08-08-2012,72,792,86,740,67,51,17,3,5,8,2
3726,1986,PhD,Together,34320,1,0,16-02-2014,66,4,1,9,3,0,0,1,0,2,8
6798,1966,Graduation,Single,37070,1,1,20-03-2013,30,231,7,137,4,15,39,5,1,8,7
5341,1962,2n Cycle,Divorced,81975,0,1,05-01-2013,2,983,76,184,180,138,27,6,3,4,7
1606,1971,Graduation,Together,38590,1,0,15-05-2013,65,3,1,8,4,3,3,1,0,2,8
9617,1951,Graduation,Single,15033,0,0,16-04-2014,37,0,4,5,6,0,4,1,0,3,3
3233,1965,PhD,Married,62745,0,1,23-03-2013,89,562,21,464,28,10,32,7,8,11,5
89,1975,2n Cycle,Married,22212,1,0,09-12-2013,49,5,9,20,6,8,21,2,0,4,6
2936,1982,Master,Together,23661,1,0,04-12-2013,46,18,0,4,0,0,1,1,0,3,7
9449,1958,PhD,Single,79761,0,1,04-10-2013,32,415,5,124,15,35,11,5,2,11,3
7297,1973,Graduation,Single,7500,1,0,26-12-2013,54,5,3,10,12,7,20,3,1,3,7
11004,1893,2n Cycle,Single,60182,0,1,17-05-2014,23,8,0,5,7,0,2,1,0,2,4
313,1968,Graduation,Widow,73455,0,0,28-10-2013,98,901,61,757,186,163,20,6,5,10,3
9940,1958,Graduation,Together,64961,0,1,23-12-2012,97,382,114,276,75,124,38,6,4,4,3
10735,1971,Graduation,Single,22804,1,0,31-07-2013,75,14,1,7,2,1,1,2,0,2,9
9529,1990,Graduation,Married,73687,0,0,28-11-2013,8,559,153,503,218,13,181,3,9,9,2
6439,1958,Graduation,Married,61074,0,1,17-08-2012,37,789,0,133,0,28,152,11,5,8,7
7411,1964,PhD,Married,31686,1,1,05-06-2014,31,11,0,5,0,0,1,1,0,3,6
2176,1972,Graduation,Married,80134,1,0,20-05-2013,40,1218,16,272,104,0,80,5,3,6,6
9265,1953,Graduation,Married,75027,0,1,09-01-2013,74,925,64,179,133,12,77,9,4,6,5
8867,1988,PhD,Married,67546,0,0,31-08-2012,90,864,134,768,150,38,172,4,10,5,3
8932,1969,Master,Together,65176,0,1,29-10-2012,57,960,28,183,220,70,70,9,6,6,6
10236,1975,Master,Single,31160,1,0,16-09-2013,59,16,3,25,6,1,13,2,0,3,8
6340,1985,Graduation,Single,29938,1,0,27-10-2013,52,3,3,7,0,2,11,1,0,3,6
10089,1974,Graduation,Divorced,102692,0,0,05-04-2013,5,168,148,444,32,172,148,6,9,13,2
2227,1958,2n Cycle,Together,26490,0,0,22-09-2012,92,45,47,52,21,20,25,3,1,5,6
10992,1967,Graduation,Together,75702,1,1,29-08-2012,77,650,28,353,45,42,30,4,6,11,8
5304,1974,PhD,Single,30899,1,0,13-10-2012,35,24,0,8,0,0,1,1,0,3,6
309,1961,PhD,Together,63342,0,1,16-10-2012,48,918,21,118,13,10,21,8,3,5,6
3406,1964,Graduation,Single,45989,0,1,22-10-2012,97,138,33,87,28,24,12,3,2,7,3
2661,1964,Graduation,Single,18701,1,1,04-06-2013,95,12,4,2,10,6,10,2,0,4,5
3153,1957,PhD,Single,40737,2,1,08-12-2013,24,11,0,4,0,0,2,1,0,2,8
10264,1979,Graduation,Divorced,15287,1,0,10-10-2012,60,1,2,8,4,3,13,1,1,2,7
1184,1968,PhD,Divorced,69674,0,2,22-05-2013,46,554,41,215,11,0,24,10,2,10,5
4200,1970,Master,Married,44159,1,0,17-06-2014,85,167,2,62,24,13,7,4,1,6,5
9396,1978,PhD,Married,37717,1,0,23-11-2012,31,9,0,6,4,1,5,1,0,2,9
2387,1952,Master,Together,43776,1,1,03-02-2013,9,177,2,71,3,2,20,5,2,4,8
6690,1966,Master,Married,38179,1,1,14-03-2013,30,38,4,22,4,2,20,3,1,3,7
1225,1963,Graduation,Married,80124,0,0,26-06-2014,47,483,84,398,205,84,241,3,7,8,1
9703,1970,PhD,Married,38097,1,1,15-10-2012,70,77,2,35,0,1,69,3,2,2,7
291,1970,Graduation,Married,72940,0,0,19-06-2013,13,182,74,298,162,149,116,3,3,6,1
4557,1970,Graduation,Together,22070,1,0,04-10-2013,11,10,7,19,8,2,21,2,2,2,6
2379,1953,Graduation,Single,69267,0,0,22-09-2012,31,778,44,499,95,73,146,3,4,5,7
5726,1983,Master,Single,31788,1,0,20-03-2014,15,16,7,23,0,8,6,3,0,4,5
3066,1975,PhD,Together,61905,0,1,04-02-2014,2,167,0,43,6,2,13,4,2,4,5
6336,1960,Graduation,Married,29315,1,1,06-04-2014,55,13,2,14,8,7,4,2,0,4,6
10967,1963,Graduation,Divorced,33378,1,1,06-02-2013,38,33,6,40,3,7,10,2,0,4,7
2304,1963,PhD,Together,66313,0,1,16-09-2013,86,625,7,99,10,22,7,6,3,12,4
3445,1956,Graduation,Single,60714,0,0,17-01-2013,56,216,162,224,101,92,162,7,4,10,5
7828,1981,Master,Together,77882,0,0,30-04-2014,29,68,129,396,188,22,15,3,3,5,1
3762,1986,PhD,Single,69867,0,0,02-04-2013,30,196,0,512,33,130,54,3,5,8,1
4391,1968,Master,Divorced,63841,0,1,21-04-2013,64,635,15,100,20,7,131,9,3,9,6
4669,1981,Basic,Married,24480,1,0,11-02-2013,46,4,19,9,28,25,17,3,0,4,7
10144,1976,Graduation,Together,51369,0,1,25-10-2012,84,297,7,79,0,11,182,8,2,4,8
8652,1946,Graduation,Together,37760,0,0,31-08-2012,20,84,5,38,150,12,28,4,1,6,7
1672,1974,PhD,Together,65640,0,1,01-03-2014,74,204,7,149,20,15,66,5,1,8,2
8962,1975,Master,Married,44319,1,1,17-04-2014,18,26,0,8,0,0,3,2,0,3,5
9974,1974,Graduation,Married,30631,1,0,12-07-2013,75,15,6,20,4,5,20,3,1,2,7
10983,1952,Graduation,Together,75278,0,0,29-01-2013,17,304,98,230,150,74,74,6,3,13,3
8148,1956,Master,Together,50898,1,1,08-01-2013,88,285,28,242,55,114,135,6,2,12,5
10102,1966,Graduation,Widow,79946,0,0,12-05-2014,19,395,183,565,166,141,28,5,11,5,3
4697,1949,Master,Divorced,35416,0,0,13-06-2013,62,248,3,81,4,3,51,7,1,5,8
9262,1984,2n Cycle,Together,32414,0,0,04-07-2013,11,20,6,5,0,9,12,1,0,3,7
7254,1969,Graduation,Together,38361,1,0,27-12-2013,74,39,0,56,20,8,14,3,1,3,7
4543,1980,Graduation,Married,82497,0,0,31-10-2012,32,777,129,573,216,21,203,2,7,9,4
4927,1971,Graduation,Together,16626,2,0,15-01-2014,76,8,3,22,21,1,13,3,0,3,9
10451,1965,Graduation,Together,29672,1,1,12-03-2013,6,9,1,3,0,4,8,0,0,3,6
2926,1952,Master,Together,55951,0,1,23-08-2012,62,1241,0,80,0,13,40,3,6,11,8
2874,1988,2n Cycle,Divorced,35388,1,0,07-03-2013,20,6,4,7,4,3,8,1,0,3,7
9738,1986,Master,Together,42386,1,0,13-01-2013,43,65,4,16,0,4,11,3,0,3,8
7119,1982,Graduation,Single,68627,0,0,12-01-2013,45,395,15,263,60,54,38,2,3,6,1
3924,1965,PhD,Divorced,57912,0,1,17-03-2014,34,801,0,80,0,0,35,8,3,12,5
5827,1958,Graduation,Divorced,35246,1,1,16-04-2014,53,36,0,12,2,2,10,3,1,3,5
5596,1956,2n Cycle,Together,58821,0,1,12-10-2013,44,513,14,154,19,0,28,9,2,9,6
10812,1978,PhD,Married,46377,1,0,01-03-2014,89,37,0,46,4,3,0,2,1,3,4
1717,1988,Graduation,Single,39747,1,0,13-04-2014,43,80,15,93,20,13,52,5,1,4,8
9491,1984,Graduation,Together,23976,1,0,27-12-2013,68,14,1,21,2,3,25,3,1,3,7
9274,1961,Master,Married,80950,0,0,28-03-2013,44,525,147,112,219,147,63,6,7,9,2
6609,1966,Graduation,Widow,27038,0,0,18-09-2012,64,1,26,25,17,23,15,3,0,3,9
6963,1947,Graduation,Single,77457,0,0,05-03-2014,85,675,11,400,15,45,11,2,5,10,1
4440,1964,Master,Married,64100,0,1,10-09-2013,93,509,0,27,0,0,10,8,3,6,7
1379,1992,Master,Together,42670,0,0,27-04-2013,12,154,2,46,20,4,15,4,2,4,4
10032,1976,Graduation,Divorced,12571,1,0,18-01-2014,86,3,5,14,2,12,17,3,1,3,6
2826,1967,Graduation,Married,22574,2,1,28-10-2013,28,25,0,8,2,0,2,2,0,3,7
2437,1989,Graduation,Married,,0,0,03-06-2013,69,861,138,461,60,30,61,6,5,12,3
6320,1976,Master,Single,70893,0,0,06-02-2013,42,768,44,561,77,44,14,6,6,10,3
3050,1966,Graduation,Married,54198,1,1,17-12-2013,13,185,0,28,3,2,17,3,1,6,4
231,1956,Master,Together,28839,1,1,11-03-2014,86,24,0,7,0,0,1,2,0,3,5
2392,1972,Graduation,Married,40321,1,1,29-07-2013,59,44,4,21,6,0,27,3,0,3,7
9478,1985,Graduation,Single,66503,1,0,14-08-2012,30,91,64,128,65,3,50,4,3,6,3
113,1951,Graduation,Married,30833,1,1,16-07-2013,33,11,0,7,3,1,6,1,0,3,5
2863,1970,Graduation,Single,,1,2,23-08-2013,67,738,20,172,52,50,20,2,3,10,7
1802,1971,Graduation,Married,64795,0,1,17-01-2013,23,412,5,119,38,29,77,3,3,12,2
520,1974,Graduation,Married,34421,1,0,01-07-2013,81,3,3,7,6,2,9,1,0,2,7
8275,1965,PhD,Divorced,47025,1,1,09-02-2014,6,16,0,3,0,0,1,1,0,2,7
9750,1961,PhD,Divorced,64325,0,1,07-02-2013,41,731,60,353,78,12,73,10,3,5,7
2607,1953,Graduation,Single,40464,0,1,11-01-2013,78,424,17,118,7,23,41,8,2,8,8
7214,1957,Graduation,Married,62187,0,0,05-07-2013,49,792,0,275,45,45,126,4,8,5,3
5835,1976,PhD,Divorced,14849,1,0,02-07-2013,39,21,2,28,3,2,9,2,0,4,8
3896,1984,Graduation,Married,27255,1,0,07-11-2013,3,22,1,11,0,1,2,1,0,3,7
10350,1950,PhD,Married,54432,2,1,09-05-2013,37,33,0,5,0,0,0,1,0,3,4
7786,1986,PhD,Single,29999,1,0,13-02-2013,22,68,7,59,10,5,11,3,1,4,8
2861,1983,Graduation,Single,24072,1,0,16-04-2013,79,9,1,6,3,0,4,1,0,2,8
663,1989,PhD,Single,33996,0,0,11-09-2013,46,40,2,15,8,0,6,1,1,3,4
10675,1956,PhD,Married,66334,0,1,03-04-2013,82,909,11,218,0,0,23,9,3,5,5
2521,1971,Master,Married,35178,1,0,10-01-2013,10,23,1,13,2,2,18,1,1,2,7
9592,1983,Graduation,Together,22010,1,0,30-06-2013,51,11,2,9,3,0,8,2,0,3,8
10151,1960,Graduation,Divorced,62204,0,2,12-09-2012,38,317,46,247,151,46,139,4,5,12,3
7381,1968,Graduation,Divorced,75693,0,0,06-12-2012,10,797,153,293,72,97,30,11,4,6,4
4099,1972,Graduation,Married,30675,1,0,12-11-2012,14,10,2,16,11,2,21,1,0,3,8
9560,1965,Graduation,Together,83003,0,0,03-03-2013,18,856,61,570,40,25,122,7,6,8,3
1150,1899,PhD,Together,83532,0,0,26-09-2013,36,755,144,562,104,64,224,4,6,4,1
10172,1988,Graduation,Single,68655,0,0,10-08-2012,95,456,19,832,75,118,38,4,5,11,3
11191,1986,Graduation,Divorced,41411,0,0,07-12-2013,11,37,32,38,11,3,18,2,1,4,6
9707,1969,PhD,Married,55212,0,1,23-11-2012,65,1103,0,45,0,0,34,4,2,11,8
6245,1950,PhD,Together,59292,0,1,13-06-2013,71,378,14,68,19,14,14,3,5,8,3
8234,1973,Basic,Together,27190,1,0,15-08-2013,13,1,6,7,0,1,3,1,0,2,8
1411,1952,Graduation,Divorced,82623,0,0,10-11-2013,58,204,34,204,172,153,173,2,9,4,1
8553,1965,Graduation,Married,44300,1,1,23-06-2013,65,30,0,9,0,0,3,1,0,3,6
1826,1970,Graduation,Divorced,84835,0,0,16-06-2014,0,189,104,379,111,189,218,4,4,6,1
8842,1971,Graduation,Widow,30372,1,1,25-12-2012,33,15,0,12,7,3,7,2,0,3,7
11030,1976,Master,Married,33181,1,0,03-01-2014,90,9,0,3,0,0,4,1,0,2,6
2579,1957,Graduation,Married,71113,0,1,17-12-2013,95,495,33,255,11,33,8,6,7,9,4
175,1986,Graduation,Married,71952,1,0,10-01-2013,93,656,80,455,52,107,93,8,4,8,4
9185,1966,PhD,Single,69759,0,0,28-10-2013,38,452,20,514,13,30,0,4,6,5,3
11056,1974,Graduation,Married,72099,0,0,27-10-2012,18,546,91,410,119,0,22,3,4,10,1
9365,1976,PhD,Single,60000,0,1,22-12-2012,57,1048,0,217,0,0,12,11,3,5,6
6201,1978,Graduation,Single,38643,1,1,29-11-2013,45,22,2,14,0,1,10,2,0,3,7
2061,1955,Graduation,Married,50737,0,1,11-05-2013,61,78,0,11,0,0,10,2,0,4,6
6184,1969,PhD,Married,68462,0,0,12-12-2012,6,561,64,785,84,128,48,3,3,8,1
6142,1943,Master,Married,65073,0,0,20-08-2013,65,629,17,177,69,0,8,5,3,5,2
4107,1948,PhD,Together,46681,0,2,08-10-2013,52,269,15,69,15,19,38,4,6,4,5
7274,1957,Graduation,Married,78618,0,0,28-09-2012,87,736,163,818,212,163,61,4,7,10,2
9336,1969,PhD,Widow,62187,0,1,22-03-2014,38,512,0,83,0,0,41,6,2,10,4
2958,1978,Graduation,Married,28442,2,0,24-02-2014,53,19,3,10,11,8,6,2,1,4,4
933,1978,PhD,Married,37717,1,0,23-11-2012,31,9,0,6,4,1,5,1,0,2,9
5837,1967,Graduation,Married,51479,1,1,28-12-2012,67,247,8,160,6,8,65,6,3,6,7
10704,1969,Graduation,Single,54803,0,1,21-08-2012,65,404,0,92,28,27,142,6,2,9,4
5125,1960,Graduation,Married,79530,0,0,17-05-2013,64,333,0,815,129,42,29,4,10,11,2
4432,1976,Graduation,Divorced,31615,1,0,16-03-2013,82,2,3,20,6,11,9,2,0,3,7
5955,1962,Graduation,Together,72025,0,0,17-11-2012,27,833,33,549,151,133,233,4,3,8,3
2928,1975,PhD,Single,52614,0,1,01-12-2012,63,789,0,142,12,9,38,2,4,8,8
5680,1984,2n Cycle,Married,35684,1,0,22-04-2014,66,10,4,7,0,6,3,1,0,3,6
10313,1975,Graduation,Married,48178,1,1,28-10-2012,69,159,4,45,6,2,38,5,1,4,8
2557,1970,Master,Single,29548,1,0,29-08-2013,52,7,1,6,3,1,11,1,1,2,4
1245,1966,Graduation,Single,63810,0,1,11-11-2012,45,977,12,253,16,12,101,4,3,12,8
1519,1972,PhD,Single,38578,1,1,22-06-2013,2,38,4,22,3,3,3,3,0,3,8
10703,1975,Master,Single,46098,1,1,18-08-2012,86,57,0,27,0,0,36,3,2,2,8
1726,1970,Graduation,Single,22585,0,0,18-03-2013,23,3,9,15,13,2,39,1,1,2,9
4459,1989,Graduation,Single,30279,1,0,30-12-2012,13,10,4,14,4,4,1,1,0,3,8
1729,1961,PhD,Together,66426,0,1,02-10-2013,14,1043,24,97,32,24,157,3,5,10,6
1517,1969,Graduation,Single,30822,1,0,14-06-2013,92,3,9,13,2,12,12,1,0,3,7
2098,1969,PhD,Married,33581,2,0,08-01-2013,38,11,0,5,0,0,1,1,0,2,8
9543,1985,Graduation,Married,19986,1,0,14-11-2013,74,3,6,5,0,2,6,0,0,3,7
6878,1954,Graduation,Widow,27421,0,0,12-12-2012,14,43,12,96,78,40,55,4,1,6,7
3310,1973,2n Cycle,Married,35688,2,1,22-08-2012,94,73,3,90,12,1,32,4,1,4,8
2724,1981,Master,Single,36143,1,0,30-03-2014,33,12,0,1,0,0,6,0,1,2,3
948,1971,Graduation,Single,10245,1,0,15-05-2013,32,4,7,7,6,4,13,1,2,2,5
6720,1968,Master,Together,43795,0,1,16-10-2013,11,314,11,53,4,3,107,7,3,4,7
6202,1960,Graduation,Together,63381,0,1,05-10-2012,78,571,50,142,33,50,159,4,5,13,2
2066,1949,Graduation,Together,38823,0,1,30-08-2012,56,70,0,11,2,8,23,2,1,3,6
9799,1968,PhD,Divorced,83664,1,1,08-05-2013,57,866,21,151,28,21,86,2,2,12,5
8318,1979,Graduation,Together,90300,0,0,03-01-2014,7,594,134,786,33,134,57,5,6,8,1
5642,1979,Master,Together,62499,1,0,09-12-2013,0,140,4,61,0,13,4,3,1,6,4
2669,1993,Graduation,Single,74293,0,0,04-05-2014,66,375,152,335,93,91,81,5,4,6,2
455,1946,PhD,Married,51012,0,0,18-04-2013,86,102,9,63,2,9,24,4,1,4,6
7683,1968,Master,Married,70777,0,1,25-02-2014,80,554,35,113,0,7,78,5,3,12,3
3428,1991,PhD,Together,68682,0,0,06-10-2013,56,919,0,505,99,30,45,4,9,10,2
7414,1971,Graduation,Married,43824,1,1,15-09-2012,18,96,1,42,12,3,32,3,1,4,8
6354,1984,Graduation,Together,15345,1,0,31-08-2012,51,5,2,16,3,2,19,1,1,2,8
798,1987,Graduation,Single,23442,1,0,24-12-2012,71,2,0,6,8,6,5,1,0,3,7
8213,1980,2n Cycle,Together,14515,1,0,09-11-2012,71,6,4,9,6,36,35,2,2,3,7
2488,1956,2n Cycle,Divorced,31395,1,1,23-03-2013,80,23,1,25,0,8,7,2,1,3,6
9999,1965,Graduation,Together,75276,0,0,27-09-2012,2,610,105,125,137,42,21,9,4,9,5
7617,1974,Graduation,Single,42373,1,1,15-08-2013,83,67,5,61,3,8,19,2,1,5,5
615,1960,Graduation,Together,30507,0,0,11-03-2013,29,65,36,74,38,20,110,5,1,4,7
2552,1955,PhD,Single,55521,1,2,22-10-2013,11,416,0,26,0,0,4,6,3,6,7
194,1965,Graduation,Married,48006,1,1,09-06-2014,55,23,0,11,3,2,2,1,0,3,6
3645,1972,PhD,Single,27213,1,0,30-08-2012,19,19,3,26,10,9,3,2,0,4,8
8890,1971,PhD,Divorced,65808,1,1,30-05-2014,1,155,7,80,13,7,10,5,1,5,6
5049,1974,PhD,Together,30351,1,0,06-06-2013,19,14,0,24,3,3,2,3,0,2,9
9973,1963,Graduation,Married,50437,0,2,17-10-2012,28,370,9,92,6,9,4,7,1,8,7
7301,1982,2n Cycle,Single,23616,1,0,17-11-2012,76,4,22,11,3,7,32,3,0,3,8
10882,1976,Graduation,Married,53858,0,1,09-11-2012,50,407,53,221,58,150,26,4,3,6,4
7030,1955,PhD,Married,66465,0,1,30-03-2013,1,1200,0,204,38,29,14,11,9,12,6
7422,1987,Graduation,Single,46923,1,0,22-08-2012,90,85,44,54,102,78,6,5,1,7,7
3523,1962,Graduation,Together,75072,0,1,23-01-2013,83,583,34,309,0,22,125,5,4,8,3
7106,1943,PhD,Married,75865,0,0,31-03-2014,73,483,0,591,156,0,12,3,5,10,1
6504,1975,2n Cycle,Together,19789,1,0,20-11-2013,24,2,5,9,28,6,28,2,1,3,5
5067,1994,Graduation,Together,80134,0,0,14-02-2014,11,966,26,282,52,26,26,2,7,11,5
4216,1981,Graduation,Single,91065,0,0,22-02-2013,33,822,114,108,179,137,114,7,9,9,3
8581,1971,Master,Married,49505,1,1,05-03-2013,4,604,0,100,19,0,28,10,2,8,8
5929,1973,PhD,Married,37401,1,0,06-05-2014,14,19,3,19,3,1,3,2,0,3,7
3129,1983,Graduation,Married,30096,1,0,22-05-2014,30,5,3,11,12,5,9,2,0,3,6
6528,1982,Master,Together,18492,1,0,05-06-2014,75,2,2,2,2,1,1,1,0,2,8
1361,1974,Master,Married,82584,0,0,04-06-2013,26,1076,68,103,29,91,68,3,4,8,1
6932,1941,PhD,Married,93027,0,0,13-04-2013,77,1285,42,716,55,0,21,7,10,5,2
7284,1953,Graduation,Married,48686,1,2,04-12-2013,8,10,0,7,2,0,1,1,0,2,8
1340,1986,Graduation,Married,92910,0,0,24-04-2014,42,551,137,792,179,103,33,6,7,13,1
8746,1989,Graduation,Married,75433,1,0,05-04-2014,28,800,0,297,0,34,57,2,5,10,6
5987,1989,2n Cycle,Together,10404,1,0,04-05-2014,52,2,2,11,10,6,12,1,0,4,5
3767,1968,Graduation,Married,61314,0,1,25-04-2013,1,378,0,189,97,172,172,5,5,12,3
3725,1961,PhD,Single,84865,0,0,09-05-2013,1,1248,16,349,43,16,16,2,4,9,4
4324,1989,Graduation,Married,42387,1,0,29-10-2012,42,235,0,235,19,4,191,8,1,7,8
238,1967,2n Cycle,Together,67309,1,1,23-01-2013,76,515,47,181,149,95,95,9,6,9,7
6694,1964,Graduation,Married,75236,0,1,25-11-2013,27,438,66,400,12,38,114,8,3,13,4
498,1970,Graduation,Single,30015,1,0,02-02-2014,28,25,0,22,2,3,5,1,0,4,5
9347,1956,Master,Together,50943,0,1,21-06-2013,49,31,0,7,2,0,6,1,0,3,5
9699,1966,Graduation,Divorced,67272,0,1,21-12-2013,12,357,35,271,28,28,14,6,2,12,5
10664,1949,Master,Widow,51529,0,1,07-09-2013,14,400,4,35,6,0,22,9,1,5,8
5455,1971,PhD,Married,32011,1,0,22-08-2013,89,99,0,15,2,1,5,2,1,4,7
456,1986,2n Cycle,Married,7500,1,0,07-02-2013,96,1,11,5,4,6,9,2,0,3,8
5012,1989,Graduation,Married,28691,1,0,04-07-2013,56,5,4,13,8,0,4,1,0,3,8
7495,1948,PhD,Married,56223,0,1,20-12-2013,72,77,28,31,16,0,4,2,1,5,4
5029,1946,Graduation,Married,18100,0,0,06-08-2013,14,3,1,2,4,3,1,0,0,3,5
10642,1989,Graduation,Single,30279,1,0,30-12-2012,13,10,4,14,4,4,1,1,0,3,8
2106,1974,2n Cycle,Married,20130,0,0,17-03-2014,99,0,6,3,7,6,12,1,0,3,8
10364,1959,Graduation,Divorced,23295,0,0,13-07-2013,72,0,0,1,2,12,5,1,0,2,8
5954,1972,Master,Divorced,42618,1,0,09-10-2013,92,76,14,74,13,5,10,5,0,4,8
1137,1964,Graduation,Single,81246,0,0,29-12-2013,87,398,190,537,61,156,37,4,5,7,1
2541,1976,Graduation,Married,24027,1,0,09-06-2013,7,14,7,11,11,0,5,2,0,3,8
1142,1953,PhD,Married,55707,0,1,22-12-2013,91,208,7,82,30,66,35,3,2,9,3
2276,1955,Graduation,Single,57959,0,1,02-05-2013,71,430,16,322,43,24,33,4,7,11,3
2807,1969,Graduation,Married,56796,0,1,16-02-2013,24,656,38,161,62,47,37,8,9,7,7
6471,1971,Master,Single,36230,1,0,17-10-2013,17,14,2,30,8,2,3,2,0,4,5
6131,1980,2n Cycle,Married,70829,1,1,01-12-2013,87,141,70,106,72,19,23,4,2,8,3
6233,1976,Graduation,Married,65991,0,1,07-09-2012,21,507,19,364,25,47,9,9,5,10,7
4148,1972,Graduation,Married,38988,1,2,20-08-2012,90,164,24,103,12,3,42,5,1,6,8
4947,1966,2n Cycle,Single,89572,0,0,15-09-2012,44,606,24,974,197,194,64,7,7,9,4
3225,1984,Master,Married,42207,1,0,01-04-2013,71,116,11,72,3,17,46,4,1,5,6
7540,1952,Graduation,Married,50300,0,1,25-05-2014,52,143,15,60,24,23,5,2,1,8,2
10648,1982,2n Cycle,Together,66664,0,0,25-09-2012,78,398,96,447,220,96,32,5,7,6,3
1992,1964,Graduation,Married,60597,0,1,01-01-2014,2,522,0,257,32,16,66,2,2,8,7
7851,1949,Graduation,Widow,70165,0,0,22-09-2013,60,161,0,253,199,191,122,3,7,11,1
8594,1958,PhD,Widow,50520,0,1,28-01-2014,25,112,0,6,2,1,14,3,1,3,6
7059,1963,Graduation,Married,80124,0,0,26-06-2014,47,483,84,398,205,84,241,3,7,8,1
2815,1975,Graduation,Married,33183,1,0,24-02-2014,46,7,5,39,17,15,37,4,0,3,7
2416,1969,PhD,Single,66582,0,0,03-03-2014,83,789,25,420,16,38,0,2,8,9,1
7999,1955,PhD,Together,75261,0,0,23-04-2013,17,1239,17,413,23,34,17,5,6,5,2
9213,1970,Graduation,Widow,31880,1,0,31-10-2012,13,4,1,5,2,0,3,1,0,2,8
9697,1951,Graduation,Married,53790,0,2,06-03-2014,86,335,42,127,28,5,5,7,2,8,6
3916,1971,PhD,Together,49269,1,0,15-08-2012,92,639,8,166,11,8,58,7,3,12,7
2021,1975,Graduation,Married,61456,0,1,27-03-2013,47,563,76,384,84,192,89,6,10,13,4
1581,1980,Graduation,Married,37406,1,0,10-10-2013,18,2,0,8,2,2,3,1,0,2,8
564,1981,PhD,Together,56937,1,0,04-08-2012,81,746,8,125,11,8,8,8,6,9,6
6619,1978,Graduation,Married,38415,1,1,02-01-2013,91,22,1,13,4,0,4,1,0,3,7
9081,1988,Graduation,Single,20518,1,0,18-05-2014,58,4,1,6,4,1,9,1,1,2,5
178,1956,Graduation,Married,62503,0,1,18-02-2013,40,478,0,193,110,75,117,8,3,11,5
916,1972,PhD,Single,41644,1,1,09-05-2014,67,20,3,4,2,0,2,1,0,3,3
5512,1977,Master,Married,55842,0,1,23-05-2014,19,451,0,39,0,4,24,7,1,8,5
8970,1972,PhD,Married,62010,0,1,23-10-2012,93,371,22,39,6,0,92,6,2,7,5
10581,1977,Graduation,Married,41124,1,0,31-10-2012,41,281,7,84,15,0,119,7,3,4,8
5300,1973,Master,Married,38961,1,0,30-12-2013,60,19,7,19,0,1,24,2,1,2,7
5154,1972,Master,Divorced,37760,1,0,11-08-2013,54,26,3,13,2,10,0,2,0,3,6
8346,1974,Graduation,Single,32233,1,0,19-08-2012,26,138,15,35,25,11,72,6,2,2,9
1676,1975,Graduation,Married,43057,0,1,30-10-2013,30,213,2,44,0,2,5,4,2,5,5
9286,1960,Master,Together,83151,0,0,10-10-2012,93,407,28,100,120,74,18,5,9,4,3
2426,1964,PhD,Divorced,78825,0,0,14-09-2012,35,483,74,114,169,37,18,5,10,13,3
5172,1976,Master,Together,65104,0,1,14-11-2013,4,738,0,232,13,20,50,3,5,7,7
5562,1974,Graduation,Married,60093,0,1,26-06-2013,92,502,12,109,16,6,90,7,2,10,6
3436,1969,Graduation,Married,14045,1,0,26-01-2014,24,11,0,5,2,1,1,1,0,3,7
3921,1952,2n Cycle,Widow,28457,0,0,28-10-2012,96,24,1,108,29,29,14,4,1,4,8
3403,1958,PhD,Together,78952,0,1,24-09-2012,11,1170,19,594,99,76,134,2,5,12,6
22,1976,Graduation,Divorced,46310,1,0,03-12-2012,99,185,2,88,15,5,14,6,1,5,8
10965,1955,Graduation,Together,76005,0,0,22-02-2013,72,983,20,389,240,50,40,3,5,13,6
9426,1964,Master,Single,58308,0,1,12-01-2013,77,691,0,69,10,0,130,2,6,3,8
6605,1944,PhD,Divorced,55614,0,0,27-11-2013,85,504,13,131,8,0,26,9,4,6,7
3136,1962,Master,Divorced,59432,0,1,13-04-2013,88,317,25,265,25,19,12,5,3,11,5
8737,1978,Graduation,Divorced,55563,0,1,05-04-2014,22,29,1,9,2,0,2,2,0,3,3
11088,1971,PhD,Together,78642,0,1,21-04-2013,83,1396,0,322,46,35,17,4,9,4,6
716,1949,PhD,Together,67911,0,1,22-05-2014,63,529,0,356,63,28,0,6,7,11,3
466,1944,Graduation,Married,65275,0,0,03-04-2013,9,388,14,218,91,14,21,4,3,13,2
9135,1950,Graduation,Together,27203,1,1,06-08-2012,92,13,2,21,4,0,24,1,1,2,8
10623,1961,Master,Together,48330,0,1,15-11-2013,2,28,0,4,0,0,0,1,0,3,5
8151,1990,Basic,Married,24279,0,0,29-12-2012,6,16,36,21,20,62,108,4,1,3,8
5140,1985,PhD,Married,64355,1,0,24-08-2012,66,1047,0,140,67,38,153,4,3,12,8
10160,1956,Master,Together,50943,0,1,21-06-2013,49,31,0,7,2,0,6,1,0,3,5
4945,1953,Graduation,Widow,53653,0,0,07-11-2012,29,815,10,239,28,10,108,10,4,12,6
10584,1976,Graduation,Married,65665,0,1,02-12-2013,77,225,162,387,106,36,29,5,10,8,3
6071,1989,Graduation,Single,81217,0,0,19-07-2013,77,493,70,324,146,40,84,3,7,11,1
3386,1992,Graduation,Married,34935,0,0,21-06-2013,71,34,4,66,3,10,20,2,1,4,7
8939,1959,Graduation,Divorced,61250,0,1,16-12-2012,49,382,138,65,60,26,59,5,2,12,5
9925,1981,PhD,Together,39665,1,0,25-05-2013,97,127,1,56,0,1,31,4,2,3,7
4320,1979,Graduation,Single,60152,0,1,28-03-2013,6,325,83,300,86,58,91,6,4,12,3
5389,1964,Graduation,Married,48920,0,2,20-10-2013,93,238,17,68,8,10,6,6,2,5,7
6036,1959,Master,Together,89120,0,0,17-03-2014,78,1168,92,408,72,129,55,5,6,7,1
182,1946,PhD,Together,44124,0,1,11-05-2013,62,284,0,55,0,6,52,6,2,5,8
203,1975,Master,Single,81169,0,0,14-04-2013,47,1288,20,613,80,61,27,5,7,9,2
11025,1961,Graduation,Married,36443,1,1,03-02-2013,9,65,0,46,4,3,20,3,1,3,8
10203,1990,Graduation,Single,26095,1,0,30-06-2013,77,11,7,9,3,1,11,1,0,3,7
4607,1959,Graduation,Together,71367,0,0,23-08-2013,24,227,23,389,42,21,75,4,5,7,2
3711,1944,Master,Married,80184,0,0,01-03-2014,19,1035,134,670,25,38,0,6,3,10,3
3696,1965,Graduation,Divorced,30630,1,1,27-01-2014,67,27,1,12,2,0,10,2,0,3,7
2532,1987,Master,Single,73454,0,0,01-03-2014,95,982,73,351,56,14,175,2,4,6,5
9214,1991,Graduation,Married,42691,0,0,16-08-2013,48,179,2,64,38,17,58,5,1,6,5
4943,1953,Graduation,Married,70503,0,0,30-09-2012,73,1379,33,216,0,33,66,2,4,9,6
35,1987,Graduation,Married,25545,1,0,08-09-2012,35,32,1,64,16,12,85,2,2,3,6
2258,1986,Graduation,Married,32880,1,0,04-12-2012,76,8,4,15,7,6,2,1,0,3,8
4322,1958,PhD,Together,77863,0,0,27-11-2013,20,881,38,319,16,25,12,4,5,10,2
713,1977,Master,Married,50353,0,0,08-06-2014,72,141,15,153,67,31,35,4,4,6,3
4702,1964,Graduation,Single,61839,0,0,12-08-2012,20,1000,155,379,224,17,120,4,8,4,8
3281,1960,PhD,Married,49154,1,1,03-11-2013,69,206,10,67,30,27,71,4,1,8,6
702,1975,2n Cycle,Widow,47682,0,1,15-02-2013,80,162,61,83,97,57,61,4,3,8,5
2004,1969,Graduation,Single,72679,0,1,18-09-2013,65,619,54,260,127,54,54,4,7,5,1
4769,1977,Master,Together,57954,1,1,18-06-2014,52,456,4,24,0,0,9,8,2,6,7
4437,1962,Graduation,Married,65316,1,1,24-04-2013,65,112,6,92,3,9,38,3,2,5,4
8724,1982,Graduation,Single,28567,1,0,17-06-2013,57,11,3,22,2,2,6,2,0,3,6
10741,1951,Master,Together,47352,0,1,11-04-2013,70,172,12,112,8,0,15,6,1,5,7
1991,1967,Graduation,Together,44931,0,1,18-01-2014,0,78,0,11,0,0,7,2,1,3,5
6931,1967,Graduation,Divorced,76982,0,0,15-02-2014,19,464,151,292,65,60,30,8,3,4,4
11096,1952,2n Cycle,Together,57247,0,1,08-08-2013,50,99,4,32,37,54,6,2,1,7,2
304,1981,Master,Single,22944,1,0,23-12-2013,67,19,3,19,4,5,26,3,0,3,7
3665,1977,2n Cycle,Together,25315,1,0,07-11-2013,46,1,9,8,11,3,22,3,0,3,8
10591,1969,Graduation,Widow,43638,0,1,06-08-2012,37,63,10,83,7,19,19,4,1,4,7
5036,1984,PhD,Single,42710,1,0,28-11-2012,38,252,3,42,4,3,102,4,5,3,6
5547,1982,PhD,Married,84169,0,0,07-08-2013,9,1478,19,403,0,19,0,7,6,6,3
7822,1976,Graduation,Together,54058,0,1,04-06-2013,56,198,18,252,32,108,54,4,6,8,3
8541,1990,2n Cycle,Married,24683,1,0,08-03-2014,98,8,4,10,6,7,6,2,0,4,5
10955,1964,Graduation,Widow,85620,0,0,07-01-2014,68,416,46,925,60,107,46,3,6,4,1
4368,1980,Graduation,Married,47850,1,0,03-12-2013,72,42,7,43,20,12,10,3,0,4,6
9671,1968,Graduation,Married,19514,1,1,26-01-2014,47,14,3,21,2,1,28,3,1,2,8
2256,1973,Master,Married,27159,1,1,29-03-2014,33,17,0,3,0,0,1,1,0,3,6
4279,1963,2n Cycle,Single,39548,1,1,31-03-2014,87,15,4,10,3,4,18,1,1,3,3
5371,1989,Graduation,Single,21474,1,0,08-04-2014,0,6,16,24,11,0,34,3,1,2,7
9240,1971,PhD,Single,60504,0,1,07-02-2014,73,458,0,24,6,4,34,6,2,8,6
9460,1963,Graduation,Married,22419,0,0,18-04-2013,74,30,3,47,19,21,42,3,2,2,8
9504,1949,Master,Married,81698,0,0,06-11-2013,4,179,28,520,111,123,47,3,8,13,1
8692,1952,Graduation,Together,43462,1,1,12-09-2012,50,90,17,97,15,6,15,4,1,5,8
448,1978,PhD,Single,54880,1,0,01-03-2013,57,308,85,137,102,45,118,6,2,11,5
8314,1982,Graduation,Married,79908,0,0,05-04-2013,30,557,129,761,29,185,111,5,6,7,2
8420,1970,2n Cycle,Married,15315,0,0,03-08-2013,27,7,4,13,15,8,17,2,0,4,5
3174,1959,Graduation,Together,87771,0,1,22-05-2013,61,1492,38,287,50,57,33,5,10,4,6
7685,1978,Graduation,Married,33039,1,0,09-09-2013,4,30,8,12,8,8,12,2,0,4,5
3179,1980,Graduation,Single,81741,0,0,16-06-2013,75,249,153,940,58,134,38,6,6,7,2
9780,1971,Master,Together,71499,0,1,25-06-2013,12,465,25,132,136,0,37,8,3,13,4
10681,1970,2n Cycle,Married,62466,0,1,15-01-2014,13,129,129,259,168,121,83,6,3,12,4
10232,1963,PhD,Divorced,48799,0,1,05-11-2013,9,174,18,81,28,6,24,3,2,7,3
4184,1950,PhD,Together,52157,0,1,07-06-2014,48,189,2,29,3,2,40,3,2,5,4
9120,1962,Graduation,Single,66565,0,1,05-12-2012,80,747,10,161,65,40,42,4,2,9,8
891,1951,Master,Together,29298,1,1,07-09-2013,60,6,0,2,2,0,1,1,0,2,5
10381,1979,Graduation,Single,47691,0,1,05-07-2013,43,14,0,3,0,0,4,1,0,2,6
3525,1970,Graduation,Together,38200,1,1,07-12-2012,19,12,0,4,0,0,1,1,0,2,7
6818,1974,Graduation,Married,44989,0,1,12-09-2012,26,98,0,106,49,10,106,5,1,5,6
3526,1968,PhD,Married,38443,1,1,27-01-2014,58,32,0,5,0,0,1,1,0,3,7
8181,1978,2n Cycle,Single,38593,1,0,13-09-2013,42,51,12,49,17,24,24,4,1,3,8
1029,1970,PhD,Together,64413,0,1,01-08-2013,27,200,5,44,0,10,20,5,1,5,5
7369,1981,Master,Married,36959,1,0,02-10-2013,56,25,6,25,6,0,0,2,0,3,8
2574,1977,PhD,Married,61996,0,1,31-01-2013,27,1050,12,144,0,0,24,6,4,8,5
8159,1968,Graduation,Married,51287,1,1,01-04-2014,10,117,0,22,13,0,30,4,1,3,7
1160,1970,Graduation,Married,13260,1,1,23-08-2013,48,9,4,17,10,2,7,3,0,3,8
10242,1966,PhD,Together,47472,1,1,16-09-2013,39,56,0,11,0,0,8,2,0,4,5
5253,1956,Master,Together,54603,1,1,09-07-2013,85,145,13,46,17,2,4,4,2,4,7
5966,1974,PhD,Married,45207,1,1,10-11-2012,64,203,0,10,0,0,2,3,1,6,6
5314,1951,Graduation,Together,40689,0,1,18-03-2013,69,270,3,27,39,6,99,7,1,5,8
5081,1967,2n Cycle,Together,47821,1,1,20-10-2013,54,9,0,16,6,6,10,1,0,3,8
5123,1951,Master,Married,27450,0,0,15-04-2013,57,37,12,23,8,11,52,2,1,3,7
5756,1983,Graduation,Together,39453,1,0,03-04-2014,64,46,0,7,0,0,2,2,0,3,6
8036,1971,2n Cycle,Together,26850,1,1,18-04-2014,10,31,1,13,7,2,9,2,1,4,4
9058,1955,Graduation,Widow,79800,0,0,23-09-2012,65,1060,21,530,32,0,224,5,11,5,3
5057,1961,Master,Married,61794,0,1,14-09-2013,74,264,47,188,54,47,11,4,4,10,2
254,1955,Graduation,Together,53863,0,1,17-05-2014,4,399,4,30,6,4,30,7,1,7,7
4179,1959,Graduation,Together,24221,0,0,20-08-2013,94,8,9,9,2,5,22,1,1,3,4
3710,1984,PhD,Single,39684,1,0,12-10-2012,41,19,0,35,6,4,17,2,1,2,7
7627,1975,Master,Married,92163,0,0,12-12-2012,25,817,183,797,106,163,20,5,11,5,2
4501,1965,Master,Single,69882,0,0,10-11-2013,94,292,127,635,132,127,165,3,7,9,1
6424,1977,Graduation,Together,33178,1,0,30-01-2014,9,12,6,2,11,2,16,1,0,3,4
3075,1972,PhD,Married,59973,0,0,11-09-2013,47,130,30,168,20,34,0,3,4,7,1
4992,1975,Master,Together,17459,1,0,19-09-2013,12,6,4,16,3,10,30,3,1,2,7
5252,1969,Graduation,Divorced,23910,1,0,26-10-2012,80,16,12,18,7,1,13,2,0,3,7
7444,1969,Master,Married,42169,1,1,19-10-2013,20,19,0,9,0,0,2,1,0,3,8
6919,1978,2n Cycle,Married,26224,1,0,04-06-2013,39,4,7,15,13,9,15,2,1,3,6
3537,1981,Graduation,Together,31089,1,0,17-08-2012,57,31,3,31,2,8,4,3,0,4,8
10277,1961,Graduation,Single,30081,0,1,21-02-2013,27,36,0,2,0,0,4,1,0,3,7
2453,1960,Graduation,Together,62807,0,1,31-08-2012,83,526,28,135,10,21,99,5,3,12,5
7972,1955,Graduation,Single,72906,0,0,17-09-2013,79,400,32,519,71,75,54,3,4,9,1
895,1948,PhD,Married,61467,0,2,09-12-2012,69,410,16,114,0,5,49,5,2,10,5
1177,1966,Master,Together,49618,1,1,26-01-2013,77,80,3,26,4,2,14,3,1,3,7
7141,1986,Master,Single,21888,1,0,29-12-2012,15,88,10,46,2,3,64,5,1,2,10
7232,1973,Graduation,Widow,42429,0,1,11-02-2014,99,55,0,6,2,0,4,1,1,3,5
8477,1956,Graduation,Divorced,26150,2,1,11-03-2013,61,5,1,13,3,5,1,1,0,3,7
2457,1975,Basic,Married,30801,0,1,26-10-2012,23,8,4,5,15,2,11,1,0,3,7
988,1965,Graduation,Married,81168,0,0,07-05-2014,84,410,0,592,147,22,22,6,4,7,3
7930,1969,Master,Single,26877,0,0,19-08-2013,74,101,13,76,20,18,40,3,1,6,6
4587,1944,Master,Widow,45006,0,0,18-07-2013,90,162,25,53,16,0,10,3,1,7,3
6682,1973,Basic,Married,18978,1,0,11-12-2012,41,2,8,1,4,7,15,1,0,3,8
6222,1967,Graduation,Married,22574,2,1,28-10-2013,28,25,0,8,2,0,2,2,0,3,7
10299,1969,PhD,Single,48240,0,0,09-11-2012,73,389,91,248,64,49,41,6,3,13,5
3083,1974,Graduation,Married,45837,1,1,26-07-2013,88,215,13,87,17,17,24,6,2,5,7
8953,1965,Master,Single,35791,2,1,06-05-2013,94,27,0,5,0,0,3,1,0,3,8
1503,1976,PhD,Together,162397,1,1,03-06-2013,31,85,1,16,2,1,2,0,0,1,1
8650,1978,Graduation,Widow,54162,1,1,18-03-2013,31,5,6,10,6,5,10,1,0,3,4
10862,1960,Master,Married,30522,0,1,17-08-2012,6,179,8,83,19,11,26,1,2,9,2
2782,1961,PhD,Married,54456,0,1,11-07-2013,23,352,0,27,10,0,15,6,1,7,6
6941,1971,Graduation,Single,31632,0,0,14-07-2013,92,17,8,12,11,15,32,2,1,2,7
10972,1949,Graduation,Widow,72298,0,0,10-03-2014,52,625,35,169,58,17,35,4,3,6,1
10708,1978,2n Cycle,Single,36975,1,0,28-12-2013,50,10,6,11,0,4,2,1,0,3,7
6583,1955,2n Cycle,Married,72635,0,0,03-06-2013,54,390,22,323,104,35,107,6,8,6,3
3641,1976,Graduation,Married,13624,1,0,20-01-2013,93,10,2,15,2,1,6,2,0,3,6
10156,1975,Graduation,Single,84196,0,1,03-06-2013,56,215,63,507,231,31,190,8,4,7,3
4299,1960,Graduation,Together,70971,0,1,21-09-2012,28,1001,17,572,93,125,17,11,11,5,7
3469,1977,PhD,Divorced,34487,1,1,06-09-2012,94,19,18,33,24,1,8,3,0,3,9
5063,1977,Graduation,Single,28769,1,0,18-12-2012,76,41,5,129,10,3,3,4,1,4,9
10727,1970,PhD,Married,69084,1,0,19-11-2013,43,1181,107,199,39,30,30,7,3,13,8
9624,1958,PhD,Together,65488,0,0,13-06-2014,46,603,45,207,36,18,54,3,4,6,1
5156,1970,2n Cycle,Married,62466,0,1,15-01-2014,13,129,129,259,168,121,83,6,3,12,4
4376,1960,2n Cycle,Single,32218,0,0,15-02-2014,27,10,24,15,13,1,30,2,1,3,7
8923,1973,Graduation,Single,83917,0,0,18-04-2013,12,514,22,732,42,198,79,6,7,7,3
8461,1962,Graduation,Divorced,46102,2,1,10-03-2014,3,14,0,1,0,0,1,1,0,2,7
6945,1952,Graduation,Single,84574,0,0,04-06-2013,72,387,20,713,38,54,163,9,11,11,5
944,1962,Graduation,Married,56181,0,1,08-01-2013,6,121,103,69,8,44,48,4,2,7,4
1907,1950,Master,Divorced,63120,0,1,28-09-2012,53,965,69,279,54,41,69,8,4,9,7
701,1971,Graduation,Married,73691,0,1,06-11-2013,58,707,21,250,85,43,73,6,2,8,2
3856,1960,Graduation,Together,63381,0,1,05-10-2012,78,571,50,142,33,50,159,4,5,13,2
4149,1948,PhD,Together,76140,0,0,13-05-2014,57,586,66,653,17,0,26,5,9,6,2
2131,1959,PhD,Divorced,62859,0,1,30-12-2012,37,1063,89,102,16,12,25,9,4,6,6
2942,1964,Graduation,Single,45906,0,1,07-05-2013,20,305,3,27,4,3,144,5,4,4,5
1173,1947,Master,Together,77632,0,0,10-03-2013,73,1200,105,758,0,42,147,4,2,6,2
4381,1971,PhD,Married,46463,1,1,18-08-2013,56,163,2,40,8,11,11,3,1,6,6
4611,1970,Graduation,Together,105471,0,0,21-01-2013,36,1009,181,104,202,21,207,9,8,13,3
3376,1970,Master,Divorced,55282,1,0,13-12-2013,9,125,6,73,8,4,19,3,1,6,4
4679,1977,Master,Married,78710,0,1,23-05-2014,42,721,0,152,119,50,50,7,6,12,4
10928,1958,Graduation,Together,66886,0,1,16-09-2013,28,315,4,62,41,31,146,7,1,7,5
4248,1960,Master,Single,98777,0,0,17-02-2014,23,1000,19,711,125,115,38,4,6,9,1
6728,1985,Graduation,Together,29103,1,0,27-08-2012,38,16,0,17,6,3,6,1,0,3,9
6661,1974,Graduation,Married,67445,0,1,12-08-2012,63,757,80,217,29,80,11,9,6,12,6
4725,1950,PhD,Together,50616,0,1,13-04-2014,71,30,2,25,0,1,9,1,1,4,2
3277,1955,Graduation,Divorced,49431,0,1,03-08-2012,9,219,3,100,26,0,17,7,1,5,8
5555,1975,Graduation,Divorced,153924,0,0,07-02-2014,81,1,1,1,1,1,1,0,0,0,0
2564,1953,Graduation,Together,61278,0,1,04-01-2014,87,111,3,28,2,6,15,3,1,4,6
946,1958,2n Cycle,Together,26490,0,0,22-09-2012,92,45,47,52,21,20,25,3,1,5,6
3867,1947,PhD,Together,73059,0,1,31-08-2013,36,410,112,420,0,82,71,9,3,13,4
6940,1966,PhD,Single,46734,1,2,21-10-2013,86,100,1,39,6,1,76,3,2,3,6
55,1963,Graduation,Together,56253,0,1,07-12-2012,83,509,0,65,7,11,5,7,2,9,6
7093,1985,Graduation,Married,19986,1,0,14-11-2013,74,3,6,5,0,2,6,0,0,3,7
5084,1975,Graduation,Widow,58330,0,1,25-12-2013,87,445,53,213,104,98,151,6,4,13,4
1777,1980,Basic,Married,25965,0,0,07-09-2012,29,2,2,11,41,7,11,2,0,3,8
8162,1956,Master,Together,14661,0,0,01-01-2013,88,4,1,11,6,2,2,1,0,3,6
10826,1959,Graduation,Married,18690,0,0,28-12-2012,77,6,1,7,23,4,19,1,1,2,8
8754,1974,PhD,Together,45068,0,1,16-05-2013,25,14,0,3,0,0,3,1,0,2,7
1987,1987,Basic,Single,21063,1,0,25-09-2013,34,1,10,11,19,3,15,2,0,3,6
11007,1968,PhD,Married,29187,1,0,09-05-2013,43,26,0,6,0,0,2,1,0,3,8
7426,1971,2n Cycle,Married,54690,1,1,07-11-2013,76,111,16,37,7,9,18,3,1,5,3
9153,1964,PhD,Married,59304,0,1,29-07-2013,81,418,61,428,80,51,10,7,8,10,5
10379,1962,Master,Single,59247,0,2,08-11-2013,87,327,9,122,19,14,83,5,2,9,6
9204,1970,Graduation,Widow,66731,0,1,12-09-2012,33,371,159,194,58,106,141,4,3,6,3
3197,1980,Graduation,Married,77353,0,1,16-12-2013,38,275,59,107,69,101,59,6,4,8,4
2920,1975,PhD,Single,52614,0,1,01-12-2012,63,789,0,142,12,9,38,2,4,8,8
6961,1974,Graduation,Married,26751,2,0,22-05-2014,26,1,1,5,0,3,1,1,0,2,8
4673,1963,PhD,Married,81300,0,1,30-10-2012,17,1004,12,145,32,12,36,10,3,5,5
9937,1979,Graduation,Single,70337,0,0,02-01-2014,75,187,81,149,25,43,91,2,2,12,1
8779,1985,2n Cycle,Married,36145,1,0,16-06-2013,13,56,4,76,17,1,18,4,1,3,9
9596,1980,PhD,Single,65295,0,0,23-12-2013,19,365,32,117,34,110,6,3,3,13,2
2891,1963,Graduation,Divorced,68118,0,1,18-10-2013,51,595,23,123,10,23,154,8,9,4,6
4910,1967,Graduation,Divorced,68743,0,0,30-08-2012,81,1132,134,384,175,134,115,11,5,13,7
75,1982,2n Cycle,Together,41039,0,0,25-07-2013,32,34,11,137,179,61,45,8,1,5,8
10120,1955,Graduation,Together,38946,0,1,24-10-2013,84,116,6,82,6,6,41,3,1,6,5
6327,1967,Graduation,Together,65777,0,0,19-12-2013,87,565,32,435,28,32,54,2,8,6,1
10142,1976,PhD,Divorced,66476,0,1,07-03-2013,99,372,18,126,47,48,78,5,2,11,4
9826,1972,PhD,Single,86857,0,0,12-09-2012,96,899,102,838,133,102,40,5,6,10,2
1501,1982,PhD,Married,160803,0,0,04-08-2012,21,55,16,1622,17,3,4,0,28,1,0
10767,1989,PhD,Together,77845,0,0,16-05-2014,40,760,40,480,0,40,26,3,5,12,1
7279,1969,PhD,Together,69476,0,0,30-09-2013,3,260,86,559,63,9,67,4,6,4,2
7230,1960,PhD,Divorced,50611,0,1,04-10-2012,98,459,0,24,6,0,4,4,5,7,6
143,1970,Graduation,Single,61209,0,0,25-08-2013,73,466,0,224,119,49,99,5,3,4,2
450,1958,Master,Together,42315,0,1,12-07-2013,90,67,15,80,17,11,80,1,4,4,3
9316,1952,Basic,Together,13084,0,0,02-11-2013,29,2,0,7,3,7,10,1,0,3,6
6379,1949,Master,Widow,47570,1,1,29-05-2013,3,67,1,20,0,2,31,2,2,2,7
9239,1961,Master,Married,61923,0,2,26-07-2013,94,92,4,18,3,3,6,2,1,4,3
8315,1995,Graduation,Single,34824,0,0,26-03-2014,65,4,2,11,2,0,4,1,0,2,6
2868,1949,PhD,Single,26518,1,1,08-04-2013,33,20,1,28,3,3,2,2,0,3,8
10888,1961,Graduation,Single,45938,0,0,03-11-2013,46,273,11,178,62,83,29,8,4,6,6
1277,1960,Graduation,Together,78468,0,0,09-04-2014,29,434,22,388,104,22,34,10,7,10,4
9977,1973,Graduation,Divorced,78901,0,1,17-09-2013,99,321,11,309,33,26,34,9,3,5,4
10196,1978,Graduation,Married,71427,2,0,12-03-2014,26,212,123,177,15,64,23,8,2,8,4
6384,1978,Graduation,Divorced,71022,0,1,11-02-2014,30,909,12,278,0,12,242,5,2,11,8
8029,1988,Master,Single,90247,0,0,29-04-2014,27,1184,32,352,21,16,16,3,4,7,1
968,1968,Master,Divorced,41335,1,0,26-12-2013,24,112,19,21,16,14,5,4,1,4,7
6988,1986,Graduation,Married,71952,1,0,10-01-2013,93,656,80,455,52,107,93,8,4,8,4
4472,1970,PhD,Divorced,35682,1,0,27-06-2014,34,23,0,8,6,2,18,1,1,3,2
6991,1951,Graduation,Divorced,43185,0,1,10-04-2013,88,537,6,42,16,6,30,9,3,6,8
3336,1948,PhD,Together,66375,0,1,21-11-2013,96,712,0,45,0,0,191,2,4,5,7
4301,1971,Master,Married,35178,1,0,10-01-2013,10,23,1,13,2,2,18,1,1,2,7
1940,1986,Graduation,Married,25252,1,0,12-07-2013,26,1,3,4,2,2,6,1,0,2,8
1272,1965,Master,Single,55250,0,1,21-10-2012,49,664,58,83,32,0,66,7,5,10,5
1388,1975,Graduation,Single,33249,1,0,20-02-2013,11,6,10,21,19,14,42,2,1,3,6
1044,1953,Graduation,Together,58398,0,0,14-05-2013,44,299,5,201,21,21,49,5,4,8,4
6969,1982,Graduation,Together,50272,1,0,07-08-2013,75,99,13,66,43,8,4,4,1,5,7
10479,1975,PhD,Married,76618,0,0,07-12-2012,64,749,40,294,121,160,147,3,2,5,1
3619,1960,2n Cycle,Divorced,87305,0,0,23-09-2012,19,345,25,501,63,138,80,5,3,8,2
1715,1978,Graduation,Together,25851,1,0,11-02-2013,45,9,4,18,7,5,5,2,0,3,7
10159,1970,Graduation,Divorced,58710,0,1,31-03-2013,77,440,81,368,0,122,174,11,5,9,6
1463,1958,Graduation,Single,45160,1,1,29-03-2014,9,8,2,5,3,0,3,1,0,2,7
5114,1965,Master,Married,74806,0,1,19-12-2012,1,670,9,249,0,28,9,5,4,5,4
4990,1954,Graduation,Married,59111,0,0,02-05-2013,90,524,0,134,28,28,155,11,1,8,7
4329,1984,PhD,Married,18988,1,0,23-05-2014,43,6,0,6,2,1,1,1,0,3,7
10936,1965,Graduation,Married,72190,0,0,13-02-2013,79,597,166,597,172,166,249,5,6,4,3
4692,1976,Graduation,Married,7500,1,0,01-08-2012,19,7,0,12,13,7,32,4,1,2,9
7212,1966,Graduation,Married,44794,0,1,08-06-2014,99,54,0,7,0,0,4,2,0,3,6
6086,1955,Graduation,Married,80395,0,0,23-11-2013,62,445,25,706,80,76,48,6,5,12,2
437,1976,Master,Divorced,75012,0,0,25-01-2014,41,294,142,218,164,58,151,3,8,11,1
11171,1965,Master,Married,56962,2,1,11-10-2013,60,292,3,77,10,3,26,6,3,5,7
11101,1991,Graduation,Together,89891,0,0,15-04-2013,17,412,22,132,59,28,183,11,6,8,4
5329,1949,PhD,Divorced,35946,1,1,27-09-2013,24,8,0,3,0,0,0,0,0,3,5
610,1953,PhD,Together,53593,1,1,07-08-2012,60,349,4,78,6,0,43,7,2,6,8
9384,1978,Graduation,Married,66373,1,1,12-06-2013,57,328,9,124,12,24,109,4,2,10,3
5956,1948,PhD,Divorced,45072,1,2,16-10-2013,74,144,2,99,7,2,30,6,1,4,8
10430,1973,Graduation,Divorced,89694,1,1,09-10-2013,22,1126,28,211,37,28,42,4,3,4,5
7875,1949,Graduation,Married,72025,0,0,29-04-2014,46,967,0,617,43,50,0,4,8,13,2
7072,1973,Graduation,Married,67432,0,1,29-03-2013,69,432,79,341,177,136,170,8,5,4,4
6255,1952,Master,Together,70545,0,1,03-06-2014,29,138,39,63,55,18,21,4,1,7,2
6516,1989,Basic,Married,17487,1,0,18-03-2013,37,0,0,1,7,4,6,1,0,2,7
5564,1969,Graduation,Together,62882,0,1,09-08-2012,26,509,133,497,78,24,97,7,5,6,4
5682,1953,PhD,Single,64108,0,1,23-03-2013,8,948,10,86,13,21,21,6,9,11,5
7458,1956,Master,Together,34941,1,1,06-03-2013,26,39,2,25,4,3,24,3,0,3,8
5237,1950,PhD,Single,48767,1,2,01-01-2014,79,28,1,21,3,0,10,2,1,3,5
7761,1978,2n Cycle,Together,38702,1,0,01-08-2013,71,13,11,24,13,8,40,3,0,4,6
5278,1964,Graduation,Married,82224,0,0,25-01-2014,83,307,26,360,138,31,40,6,9,5,3
3560,1952,Graduation,Together,83844,0,0,12-05-2013,57,901,31,345,75,31,191,4,4,11,1
7235,1975,2n Cycle,Married,17003,1,0,09-12-2013,37,2,5,12,4,8,7,2,0,4,5
10548,1995,Graduation,Single,71163,0,0,09-03-2014,30,283,17,372,138,106,44,3,8,12,1
2281,1970,Graduation,Single,33697,1,0,15-09-2013,34,4,3,7,0,3,11,1,0,2,7
4073,1954,2n Cycle,Married,63564,0,0,29-01-2014,0,769,80,252,15,34,65,10,10,7,6
6974,1972,PhD,Together,83443,0,0,31-12-2013,89,518,42,742,55,56,84,6,10,5,2
7938,1958,PhD,Together,51518,0,1,03-10-2013,92,350,8,66,17,4,4,3,2,10,3
7094,1975,Graduation,Widow,58330,0,1,25-12-2013,87,445,53,213,104,98,151,6,4,13,4
3667,1969,Graduation,Married,80952,0,0,28-02-2013,20,778,178,689,41,27,44,8,5,11,8
7723,1979,Graduation,Together,75507,0,0,02-05-2014,56,709,93,374,104,80,80,8,6,6,3
3870,1978,2n Cycle,Together,63855,0,0,09-02-2013,28,359,35,314,93,116,89,7,3,13,4
4012,1972,PhD,Together,62220,0,1,11-08-2012,55,799,12,375,16,12,12,7,6,5,6
5909,1964,Graduation,Married,58512,0,1,19-09-2013,25,895,10,101,13,0,152,3,4,8,8
10470,1979,Master,Married,40662,1,0,15-03-2013,0,40,2,23,0,4,23,2,1,3,4
6488,1959,PhD,Married,38829,0,1,06-04-2014,86,76,0,7,0,0,16,3,2,2,5
10270,1981,2n Cycle,Married,35523,1,0,03-10-2013,8,11,5,22,12,5,11,3,0,3,7
6887,1967,Graduation,Single,79146,1,1,24-04-2014,33,245,16,223,21,43,16,8,1,8,6
6406,1988,Master,Married,78285,0,0,28-10-2013,13,647,107,391,175,67,40,6,4,10,3
7573,1978,PhD,Single,31626,1,0,10-05-2013,12,39,1,9,2,1,34,2,1,2,7
4508,1952,Graduation,Single,75127,0,0,22-05-2014,92,203,35,305,46,17,227,2,11,5,1
221,1955,Graduation,Married,48726,0,1,27-04-2013,90,138,3,38,4,0,59,3,2,4,6
5331,1977,Graduation,Married,74985,0,0,11-09-2012,8,587,51,898,247,0,86,3,6,7,2
1911,1987,Graduation,Together,67430,0,0,05-09-2012,6,595,97,291,127,133,121,11,5,12,6
20,1965,2n Cycle,Married,46891,0,1,01-09-2013,91,43,12,23,29,15,61,2,1,4,4
8786,1956,Master,Married,62058,0,1,26-05-2013,52,301,7,74,10,0,58,6,1,7,6
10582,1979,Graduation,Married,72063,0,1,03-07-2013,3,180,32,348,76,32,90,5,2,12,2
1915,1951,PhD,Married,78939,0,0,12-12-2013,57,794,115,243,150,0,205,8,5,6,3
8897,1965,Graduation,Single,42720,1,1,24-04-2013,9,392,5,91,28,26,112,7,3,7,8
2371,1972,Graduation,Married,33622,1,1,13-04-2013,22,39,1,22,3,4,12,2,0,4,7
4303,1957,PhD,Together,6835,0,1,08-12-2012,76,107,2,12,2,2,12,0,0,1,20
6825,1953,Graduation,Together,41452,1,1,06-03-2013,86,13,0,3,0,0,0,1,0,2,7
1072,1965,PhD,Single,40760,0,1,30-08-2013,64,70,0,17,0,0,6,2,1,3,6
4964,1958,PhD,Together,74250,0,0,26-01-2014,90,680,11,392,75,0,0,2,11,4,1
2461,1955,Master,Single,51124,1,1,18-12-2013,79,26,1,11,0,1,4,1,0,3,3
10736,1971,Graduation,Single,72258,0,1,12-09-2013,28,522,0,522,227,120,134,6,9,5,2
